{
  "hash": "ce3fc5e0",
  "configHash": "642eb9ed",
  "lockfileHash": "48940342",
  "browserHash": "f6ce4c12",
  "optimized": {
    "@angular/common/http": {
      "src": "../../../../../../node_modules/@angular/common/fesm2022/http.mjs",
      "file": "@angular_common_http.js",
      "fileHash": "51c4df6f",
      "needsInterop": false
    },
    "@angular/core": {
      "src": "../../../../../../node_modules/@angular/core/fesm2022/core.mjs",
      "file": "@angular_core.js",
      "fileHash": "59824ee8",
      "needsInterop": false
    },
    "@angular/platform-browser": {
      "src": "../../../../../../node_modules/@angular/platform-browser/fesm2022/platform-browser.mjs",
      "file": "@angular_platform-browser.js",
      "fileHash": "b84a2ed7",
      "needsInterop": false
    },
    "@angular/router": {
      "src": "../../../../../../node_modules/@angular/router/fesm2022/router.mjs",
      "file": "@angular_router.js",
      "fileHash": "3d32efae",
      "needsInterop": false
    },
    "@angular/common": {
      "src": "../../../../../../node_modules/@angular/common/fesm2022/common.mjs",
      "file": "@angular_common.js",
      "fileHash": "700ecbe7",
      "needsInterop": false
    },
    "@angular/forms": {
      "src": "../../../../../../node_modules/@angular/forms/fesm2022/forms.mjs",
      "file": "@angular_forms.js",
      "fileHash": "5cf1cc1e",
      "needsInterop": false
    }
  },
  "chunks": {
    "chunk-RCAKMOPT": {
      "file": "chunk-RCAKMOPT.js"
    },
    "chunk-L2BQXZNT": {
      "file": "chunk-L2BQXZNT.js"
    },
    "chunk-JNPX2NW3": {
      "file": "chunk-JNPX2NW3.js"
    },
    "chunk-MVTREN4B": {
      "file": "chunk-MVTREN4B.js"
    },
    "chunk-UXJAXTXK": {
      "file": "chunk-UXJAXTXK.js"
    }
  }
}